TICKER,NAME,SECTEUR,PEA-PME,ISIN,INDICE,HREF_BOURSEDIRECT,HREF_RENDEMENTBOURSE
AB,AB Science,Santé,1,FR0010557264,CAC_SMALL,ab-science-FR0010557264-AB-EUR-XPAR,/ab-ab-science
ABCA,ABC Arbitrage,Finance,1,FR0004040608,CAC_SMALL,abc-arbitrage-FR0004040608-ABCA-EUR-XPAR,/abca-abc-arbitrage-sa
ABEO,ABEO SA,Consommation discrétionnaire,1,FR0013185857,CAC_SMALL,abeo-sa-FR0013185857-ABEO-EUR-XPAR,/abeo-abeo
ABNX,ABIONYX Pharma,Santé,1,FR0012616852,CAC_SMALL,abionyx-pharma-FR0012616852-ABNX-EUR-XPAR,/abnx-abionyx-pharma
ABVX,Abivax,Santé,0,FR0012333284,CAC_SMALL,abivax-FR0012333284-ABVX-EUR-XPAR,/abvx-abivax
AC,Accor,Consommation discrétionnaire,0,FR0000120404,CAC_NEXT_20,accor-FR0000120404-AC-EUR-XPAR,/ac-accor
EOS,Acteos,Technologies,1,FR0000076861,CAC_SMALL,acteos-FR0000076861-EOS-EUR-XPAR,/eos-acteos
ADOC,Adocia,Santé,1,FR0011184241,CAC_SMALL,adocia-FR0011184241-ADOC-EUR-XPAR,/adoc-adocia
ADUX,AdUx,Télécommunications,1,FR0012821890,CAC_SMALL,adux-FR0012821890-ADUX-EUR-XPAR,/adux-adux
ADP,Aéroports de Paris,Industrie,0,FR0010340141,CAC_NEXT_20,aeroports-de-paris-FR0010340141-ADP-EUR-XPAR,/adp-aeroport-de-paris-adp
AF,Air France-KLM,Industrie,0,FR001400J770,CAC_NEXT_20,air-france-klm-FR001400J770-AF-EUR-XPAR,/af-air-france-klm-sa
AI,L'Air Liquide,Matériaux,0,FR0000120073,CAC_40,l-air-liquide-FR0000120073-AI-EUR-XPAR,/ai-air-liquide
AKW,AKWEL,Consommation discrétionnaire,0,FR0000053027,CAC_SMALL,akwel-FR0000053027-AKW-EUR-XPAR,/akw-akwel
AYV,ALD Automotive,Industrie,0,FR0013258662,CAC_MID_60,ald-FR0013258662-ALD-EUR-XPAR,/ald-ald
CDA,Compagnie des Alpes,Consommation discrétionnaire,0,FR0000053324,CAC_SMALL,compagnie-des-alpes-FR0000053324-CDA-EUR-XPAR,/cda-alpes-compagnie
ALO,Alstom,Industrie,0,FR0010220475,CAC_NEXT_20,alstom-FR0010220475-ALO-EUR-XPAR,/alo-alstom
ALTA,Altarea,Immobilier,0,FR0000033219,CAC_MID_60,altarea-FR0000033219-ALTA-EUR-XPAR,/alta-altarea
ATE,Alten,Technologies,0,FR0000071946,CAC_MID_60,alten-FR0000071946-ATE-EUR-XPAR,/ate-alten
AMUN,Amundi,Finance,0,FR0004125920,CAC_MID_60,amundi-FR0004125920-AMUN-EUR-XPAR,/amun-amundi
ANTIN,ANTIN INFRASTRUCTURE PARTNERS,Finance,0,FR0014005AL0,CAC_MID_60,antin-infrastructure-partners-FR0014005AL0-ANTIN-EUR-XPAR,/antin-antin-infrastructure-partners
ARAMI,Aramis Group,Consommation discrétionnaire,0,FR0014003U94,CAC_SMALL,aramis-group-FR0014003U94-ARAMI-EUR-XPAR,/arami-aramis-group
AKE,Arkema,Matériaux,0,FR0010313833,CAC_NEXT_20,arkema-FR0010313833-AKE-EUR-XPAR,/ake-arkema
PRC,Artmarket.com,Télécommunications,1,FR0000074783,CAC_SMALL,artmarket-com-FR0000074783-PRC-EUR-XPAR,/prc-artmarket-com
ASY,Assystem,Industrie,0,FR0000074148,CAC_SMALL,assystem-FR0000074148-ASY-EUR-XPAR,/asy-assystem-sa
ATLD,ATLAND,Immobilier,0,FR0013455482,CAC_SMALL,atland-FR0013455482-ATLD-EUR-XPAR,/atld-atland
ATO,AtoS SE,Technologies,0,FR0000051732,CAC_MID_60,atos-se-FR0000051732-ATO-EUR-XPAR,/ato-atos
AUB,Aubay,Technologies,0,FR0000063737,CAC_SMALL,aubay-FR0000063737-AUB-EUR-XPAR,/aub-aubay
AURE,AUREA,Industrie,1,FR0000039232,CAC_SMALL,aurea-FR0000039232-AURE-EUR-XPAR,/aure-aurea
AVT,Avenir Telecom,Technologies,1,FR001400CFI7,CAC_SMALL,avenir-telecom-FR001400CFI7-AVT-EUR-XPAR,/avt-avenir-telecom
CS,AXA,Finance,0,FR0000120628,CAC_40,axa-FR0000120628-CS-EUR-XPAR,/cs-axa
BALYO,Balyo,Industrie,1,FR0013258399,CAC_SMALL,balyo-FR0013258399-BALYO-EUR-XPAR,/balyo-balyo
BLC,Bastide Le Confort Médical,Santé,1,FR0000035370,CAC_SMALL,bastide-le-confort-medical-FR0000035370-BLC-EUR-XPAR,/blc-bastide-le-confort
BLV,Believe,Consommation discrétionnaire,0,FR0014003FE9,CAC_SMALL,believe-FR0014003FE9-BLV-EUR-XPAR,/blv-believe
BEN,Bénéteau,Consommation discrétionnaire,0,FR0000035164,CAC_MID_60,beneteau-FR0000035164-BEN-EUR-XPAR,/ben-beneteau
BB,BIC,Consommation de base,0,FR0000120966,CAC_MID_60,bic-FR0000120966-BB-EUR-XPAR,/bb-bic
BIG,Bigben Interactive,Technologies,1,FR0000074072,CAC_SMALL,bigben-interactive-FR0000074072-BIG-EUR-XPAR,/big-bigben-interactive
BIM,bioMérieux,Santé,0,FR0013280286,CAC_NEXT_20,biomerieux-FR0013280286-BIM-EUR-XPAR,/bim-biomerieux
BNP,BNP Paribas,Finance,0,FR0000131104,CAC_40,bnp-paribas-act-a-FR0000131104-BNP-EUR-XPAR,/bnp-bnp-paribas
BOI,Boiron,Santé,1,FR0000061129,CAC_SMALL,boiron-FR0000061129-BOI-EUR-XPAR,/boi-boiron
BOL,Bolloré SE,Télécommunications,0,FR0000039299,CAC_MID_60,bollore-se-FR0000039299-BOL-EUR-XPAR,/bol-bollore
BON,Bonduelle,Consommation de base,0,FR0000063935,CAC_SMALL,bonduelle-FR0000063935-BON-EUR-XPAR,/bon-bonduelle
EN,Bouygues SA,Industrie,0,FR0000120503,CAC_40,bouygues-sa-FR0000120503-EN-EUR-XPAR,/en-bouygues
BVI,Bureau Veritas SA,Industrie,0,FR0006174348,CAC_NEXT_20,bureau-veritas-sa-FR0006174348-BVI-EUR-XPAR,/bvi-bureau-veritas-sa
CAFO,Cafom,Consommation discrétionnaire,1,FR0010151589,CAC_SMALL,cafom-FR0010151589-CAFO-EUR-XPAR,/cafo-cafom
CAP,Capgemini SE,Technologies,0,FR0000125338,CAC_40,capgemini-se-FR0000125338-CAP-EUR-XPAR,/cap-capgemini-se
CARM,CARMILA,Immobilier,0,FR0010828137,CAC_MID_60,carmila-FR0010828137-CARM-EUR-XPAR,/carm-carmila
CA,Carrefour,Consommation de base,0,FR0000120172,CAC_40,carrefour-FR0000120172-CA-EUR-XPAR,/ca-carrefour
CO,"Casino, Guichard-Perrachon SA",Consommation de base,0,FR0000125585,CAC_MID_60,casino-guichard-perrachon-sa-FR0000125585-CO-EUR-XPAR,/co-casino-guichard
CATG,Catana Group,Consommation discrétionnaire,1,FR0010193052,CAC_SMALL,catana-group-FR0010193052-CATG-EUR-XPAR,/catg-catana-group
CBOT,CBO TERRITORIA,Immobilier,1,FR0010193979,CAC_SMALL,cbo-territoria-FR0010193979-CBOT-EUR-XPAR,/cbot-cbo-territoria-sa
CGM,Cegedim,Santé,0,FR0000053506,CAC_SMALL,cegedim-FR0000053506-CGM-EUR-XPAR,/cgm-cegedim
VIRI,CGG,Energie,0,FR0013181864,CAC_MID_60,viridien-FR0013181864-CGG-EUR-XPAR,/cgg-cgg
CRI,Chargeurs,Consommation discrétionnaire,1,FR0000130692,CAC_SMALL,chargeurs-FR0000130692-CRI-EUR-XPAR,/cri-chargeurs-sa
CLA,Claranova SE,Technologies,1,FR0013426004,CAC_SMALL,claranova-se-FR0013426004-CLA-EUR-XPAR,/cla-claranova
COFA,Coface,Finance,0,FR0010667147,CAC_MID_60,coface-FR0010667147-COFA-EUR-XPAR,/cofa-coface
COV,COVIVIO,Immobilier,0,FR0000064578,CAC_MID_60,covivio-FR0000064578-COV-EUR-XPAR,/cov-covivio
ACA,Crédit Agricole,Finance,0,FR0000045072,CAC_40,credit-agricole-FR0000045072-ACA-EUR-XPAR,/aca-credit-agricole
BN,Danone,Consommation de base,0,FR0000120644,CAC_40,danone-FR0000120644-BN-EUR-XPAR,/bn-danone
AM,Dassault Aviation,Industrie,0,FR0014004L86,CAC_MID_60,dassault-aviation-FR0014004L86-AM-EUR-XPAR,/am-dassault-aviation-sa
DSY,Dassault Systèmes SE,Technologies,0,FR0014003TT8,CAC_40,dassault-systemes-se-FR0014003TT8-DSY-EUR-XPAR,/dsy-dassault-systemes-sa
DBV,DBV Technologies,Santé,1,FR0010417345,CAC_SMALL,dbv-technologies-FR0010417345-DBV-EUR-XPAR,/dbv-dbv-technologies-sa
DKUPL,Dékuple,Télécommunications,1,FR0000062978,CAC_SMALL,dekuple-FR0000062978-DKUPL-EUR-XPAR,/alp-adl-partner
DBG,Derichebourg,Industrie,0,FR0000053381,CAC_MID_60,derichebourg-FR0000053381-DBG-EUR-XPAR,/dbg-derichebourg-sa
EDEN,Edenred SE,Finance,0,FR0010908533,CAC_NEXT_20,edenred-se-FR0010908533-EDEN-EUR-XPAR,/eden-edenred
FGR,Eiffage S.A.,Industrie,0,FR0000130452,CAC_NEXT_20,eiffage-s-a-FR0000130452-FGR-EUR-XPAR,/fgr-eiffage
EKI,Ekinops,Technologies,0,FR0011466069,CAC_SMALL,ekinops-FR0011466069-EKI-EUR-XPAR,/eki-ekinops
ELIOR,Elior Group,Consommation discrétionnaire,0,FR0011950732,CAC_MID_60,elior-group-FR0011950732-ELIOR-EUR-XPAR,/elior-elior-group
ELIS,Elis,Industrie,0,FR0012435121,CAC_MID_60,elis-FR0012435121-ELIS-EUR-XPAR,/elis-elis
ENGI,Engie,Services aux collectivités,0,FR0010208488,CAC_40,engie-FR0010208488-ENGI-EUR-XPAR,/engi-engie
EQS,Equasens,Santé,1,FR0012882389,CAC_SMALL,equasens-FR0012882389-EQS-EUR-XPAR,/eqs-equasens
ERA,Eramet,Matériaux,0,FR0000131757,CAC_MID_60,eramet-FR0000131757-ERA-EUR-XPAR,/era-eramet
EL,EssilorLuxottica,Santé,0,FR0000121667,CAC_40,essilorluxottica-FR0000121667-EL-EUR-XPAR,/el-essilorluxottica-sa
ES,Esso S.A.F.,Energie,0,FR0000120669,CAC_SMALL,esso-s-a-f-FR0000120669-ES-EUR-XPAR,/es-esso
RF,Eurazeo SE,Finance,0,FR0000121121,CAC_MID_60,eurazeo-se-FR0000121121-RF-EUR-XPAR,/rf-eurazeo
EAPI,EUROAPI,Santé,0,FR0014008VX5,CAC_MID_60,euroapi-FR0014008VX5-EAPI-EUR-XPAR,/eapi-euroapi-sa
ERF,Eurofins Scientific SE,Santé,0,FR0014000MR3,CAC_40,eurofins-scientific-se-FR0014000MR3-ERF-EUR-XPAR,/erf-eurofins-scient
ETL,Eutelsat Communications,Technologies,1,FR0010221234,CAC_MID_60,eutelsat-communications-FR0010221234-ETL-EUR-XPAR,/etl-eutelsat-communication
EXA,Exail Technologies,Industrie,1,FR0000062671,CAC_SMALL,exail-technologies-FR0000062671-EXA-EUR-XPAR,/exa-exail-technologies
FNAC,Fnac Darty,Consommation discrétionnaire,0,FR0011476928,CAC_MID_60,fnac-darty-FR0011476928-FNAC-EUR-XPAR,/fnac-fnac-darty
FORSE,Forsee Power,Industrie,1,FR0014005SB3,CAC_SMALL,forsee-power-FR0014005SB3-FORSE-EUR-XPAR,/forse-forsee-power
FRVIA,Forvia,Consommation discrétionnaire,0,FR0000121147,CAC_NEXT_20,forvia-se-FR0000121147-FRVIA-EUR-XPAR,/frvia-forvia
FDE,La Française de l'Energie,Energie,1,FR0013030152,CAC_SMALL,la-francaise-de-l-energie-FR0013030152-FDE-EUR-XPAR,/fde-francaise-energie
GFC,GECINA,Immobilier,0,FR0010040865,CAC_NEXT_20,gecina-FR0010040865-GFC-EUR-XPAR,/gfc-gecina-nom
GNFT,GENFIT,Santé,1,FR0004163111,CAC_SMALL,genfit-FR0004163111-GNFT-EUR-XPAR,/gnft-genfit
SIGHT,GenSight Biologics S.A.,Santé,1,FR0013183985,CAC_SMALL,gensight-biologics-s-a-FR0013183985-SIGHT-EUR-XPAR,/sight-gensight-biologics
GET,Getlink SE,Industrie,0,FR0010533075,CAC_NEXT_20,getlink-se-FR0010533075-GET-EUR-XPAR,/get-getlink-se
GLO,GL events,Industrie,1,FR0000066672,CAC_SMALL,gl-events-FR0000066672-GLO-EUR-XPAR,/glo-gl-events-sa
GRVO,Graines Voltz S.A.,Matériaux,1,FR0000065971,CAC_SMALL,graines-voltz-s-a-FR0000065971-GRVO-EUR-XPAR,/grvo-voltz-graines
SFPI,Groupe SFPI,Industrie,1,FR0004155000,CAC_SMALL,groupe-sfpi-FR0004155000-SFPI-EUR-XPAR,/sfpi-groupe-sfpi
GTT,Gaztransport & Technigaz,Energie,0,FR0011726835,CAC_MID_60,gaztransport-technigaz-FR0011726835-GTT-EUR-XPAR,/gtt-gaztransport-technigaz
GBT,Guerbet,Santé,1,FR0000032526,CAC_SMALL,guerbet-FR0000032526-GBT-EUR-XPAR,/gbt-guerbet
GUI,Guillemot Corporation,Technologies,0,FR0000066722,CAC_SMALL,guillemot-corporation-FR0000066722-GUI-EUR-XPAR,/gui-guillemot
PIG,Haulotte Group,Industrie,0,FR0000066755,CAC_SMALL,haulotte-group-FR0000066755-PIG-EUR-XPAR,/pig-haulotte-group
RMS,Hermès International,Consommation discrétionnaire,0,FR0000052292,CAC_40,hermes-international-FR0000052292-RMS-EUR-XPAR,/rms-hermes-international
HCO,HighCo,Télécommunications,1,FR0000054231,CAC_SMALL,highco-FR0000054231-HCO-EUR-XPAR,/hco-highco-sa
HDF,Hydrogène de France,Services aux collectivités,1,FR0014003VY4,CAC_SMALL,hydrogene-de-france-FR0014003VY4-HDF-EUR-XPAR,/hdf-hydrogene-france
ICAD,ICADE,Immobilier,0,FR0000035081,CAC_MID_60,icade-FR0000035081-ICAD-EUR-XPAR,/icad-icade
IDL,ID Logistics Group,Industrie,0,FR0010929125,CAC_MID_60,id-logistics-group-FR0010929125-IDL-EUR-XPAR,/idl-id-logistics-group
NK,Imerys,Matériaux,0,FR0000120859,CAC_MID_60,imerys-FR0000120859-NK-EUR-XPAR,/nk-imerys-sa
IPH,Innate Pharma,Santé,1,FR0010331421,CAC_SMALL,innate-pharma-FR0010331421-IPH-EUR-XPAR,/iph-innate-pharma
ITP,Interparfums,Consommation de base,0,FR0004024222,CAC_MID_60,interparfums-FR0004024222-ITP-EUR-XPAR,/itp-interparfums
IVA,Inventiva,Santé,1,FR0013233012,CAC_SMALL,inventiva-FR0013233012-IVA-EUR-XPAR,/iva-inventiva
IPN,Ipsen,Santé,0,FR0010259150,CAC_MID_60,ipsen-FR0010259150-IPN-EUR-XPAR,/ipn-ipsen
IPS,Ipsos,Télécommunications,0,FR0000073298,CAC_MID_60,ipsos-FR0000073298-IPS-EUR-XPAR,/ips-ipsos-sa
JCQ,Jacquet Metals,Matériaux,1,FR0000033904,CAC_SMALL,jacquet-metals-FR0000033904-JCQ-EUR-XPAR,/jcq-jacquet-metal-sce
DEC,JCDECAUX SE,Télécommunications,0,FR0000077919,CAC_MID_60,jcdecaux-se-FR0000077919-DEC-EUR-XPAR,/dec-jc-decaux-sa
KOF,Kaufman & Broad SA,Immobilier,1,FR0004007813,CAC_SMALL,kaufman-broad-sa-FR0004007813-KOF-EUR-XPAR,/kof-kaufman-et-broad
KER,Kering,Consommation discrétionnaire,0,FR0000121485,CAC_40,kering-FR0000121485-KER-EUR-XPAR,/ker-kering
LI,KLEPIERRE,Immobilier,0,FR0000121964,CAC_NEXT_20,klepierre-FR0000121964-LI-EUR-XPAR,/li-klepierre
FDJ,La Française des Jeux,Consommation discrétionnaire,0,FR0013451333,CAC_MID_60,la-francaise-des-jeux-FR0013451333-FDJ-EUR-XPAR,/fdj-francaise-des-jeux-fdj
LACR,LACROIX Group,Technologies,1,FR0000066607,CAC_SMALL,lacroix-group-FR0000066607-LACR-EUR-XPAR,/lacr-lacroix-sa
MMB,Lagardère S.A.,Consommation discrétionnaire,0,FR0000130213,CAC_SMALL,lagardere-s-a-FR0000130213-MMB-EUR-XPAR,/mmb-lagardere
LAT,Latécoère,Industrie,1,FR001400JY13,CAC_SMALL,latecoere-FR001400JY13-LAT-EUR-XPAR,/lat-latecoere
LR,Legrand,Industrie,0,FR0010307819,CAC_40,legrand-FR0010307819-LR-EUR-XPAR,/lr-legrand-sa
LHYFE,Lhyfe,Industrie,1,FR0014009YQ1,CAC_SMALL,lhyfe-FR0014009YQ1-LHYFE-EUR-XPAR,/lhyfe-lhyfe
LIN,Linedata Services,Technologies,1,FR0004156297,CAC_SMALL,linedata-services-FR0004156297-LIN-EUR-XPAR,/lin-linedata-services
FII,LISI S.A.,Industrie,0,FR0000050353,CAC_SMALL,lisi-s-a-FR0000050353-FII-EUR-XPAR,/fii-lisi
LNA,LNA Santé,Santé,1,FR0004170017,CAC_SMALL,lna-sante-FR0004170017-LNA-EUR-XPAR,/lna-lna-sante
OR,L'Oréal,Consommation de base,0,FR0000120321,CAC_40,l-oreal-FR0000120321-OR-EUR-XPAR,/or-l-oreal
LBIRD,LUMIBIRD,Santé,1,FR0000038242,CAC_SMALL,lumibird-FR0000038242-LBIRD-EUR-XPAR,/lbird-lumibird
MC,LVMH Moët Hennessy Louis Vuitton SE,Consommation discrétionnaire,0,FR0000121014,CAC_40,lvmh-moet-hennessy-louis-vuitton-se-FR0000121014-MC-EUR-XPAR,/mc-lvmh
MDM,Maisons du Monde,Consommation discrétionnaire,0,FR0013153541,CAC_SMALL,maisons-du-monde-FR0013153541-MDM-EUR-XPAR,/mdm-maison-du-monde
MTU,Manitou Group,Industrie,0,FR0000038606,CAC_SMALL,manitou-group-FR0000038606-MTU-EUR-XPAR,/mtu-manitou-bf
MAU,Etablissements Maurel & Prom,Energie,1,FR0000051070,CAC_SMALL,etablissements-maurel-prom-FR0000051070-MAU-EUR-XPAR,/mau-maurel-et-prom
MCPHY,McPhy Energy,Industrie,1,FR0011742329,CAC_SMALL,mcphy-energy-FR0011742329-MCPHY-EUR-XPAR,/mcphy-mcphy-energy
MEDCL,MedinCell S.A.,Santé,0,FR0004065605,CAC_SMALL,medincell-s-a-FR0004065605-MEDCL-EUR-XPAR,/medcl-medincell
MEMS,Memscap,Technologies,1,FR0010298620,CAC_SMALL,memscap-FR0010298620-MEMS-EUR-XPAR,/mems-memscap-regpt
MERY,MERCIALYS,Immobilier,0,FR0010241638,CAC_MID_60,mercialys-FR0010241638-MERY-EUR-XPAR,/mery-mercialys
MRN,Mersen,Industrie,0,FR0000039620,CAC_MID_60,mersen-FR0000039620-MRN-EUR-XPAR,/mrn-mersen
METEX,METabolic EXplorer,Matériaux,1,FR0004177046,CAC_SMALL,metabolic-explorer-FR0004177046-METEX-EUR-XPAR,/metex-metabolic-explorer
MMT,Métropole Télévision,Télécommunications,0,FR0000053225,CAC_MID_60,metropole-television-FR0000053225-MMT-EUR-XPAR,/mmt-metropole-tv
ML,Michelin,Consommation discrétionnaire,0,FR001400AJ45,CAC_40,compagnie-generale-des-etablissements-michelin-FR001400AJ45-ML-EUR-XPAR,/ml-michelin
MHM,MYHOTELMATCH,Immobilier,1,FR001400IE67,CAC_SMALL,myhotelmatch-FR001400IE67-MHM-EUR-XPAR,/mhm-myhotelmatch
NACON,NACON,Télécommunications,1,FR0013482791,CAC_SMALL,nacon-FR0013482791-NACON-EUR-XPAR,/nacon-nacon
NANO,Nanobiotix,Santé,1,FR0011341205,CAC_SMALL,nanobiotix-FR0011341205-NANO-EUR-XPAR,/nano-nanobiotix
NEOEN,Neoen,Services aux collectivités,0,FR0011675362,CAC_MID_60,neoen-FR0011675362-NEOEN-EUR-XPAR,/neoen-neoen-s-a
NEX,Nexans,Industrie,0,FR0000044448,CAC_MID_60,nexans-FR0000044448-NEX-EUR-XPAR,/nex-nexans
NXI,Nexity,Immobilier,0,FR0010112524,CAC_MID_60,nexity-FR0010112524-NXI-EUR-XPAR,/nxi-nexity
ORA,Orange,Télécommunications,0,FR0000133308,CAC_40,orange-FR0000133308-ORA-EUR-XPAR,/ora-orange
ORAP,ORAPI,Matériaux,1,FR0000075392,CAC_SMALL,orapi-FR0000075392-ORAP-EUR-XPAR,/orap-orapi
OREGE,Orège,Industrie,1,FR0010609206,CAC_SMALL,orege-FR0010609206-OREGE-EUR-XPAR,/orege-orege
ORP,Emeis (ex-Orpea),Santé,0,FR001400NLM4,CAC_MID_60,orpea-FR001400NLM4-ORP-EUR-XPAR,/orp-orpea
OSE,OSE Immunotherapeutics,Santé,1,FR0012127173,CAC_SMALL,ose-immunotherapeutics-FR0012127173-OSE-EUR-XPAR,/ose-ose-immuno
OVH,OVH Groupe,Technologies,1,FR0014005HJ9,CAC_SMALL,ovh-groupe-FR0014005HJ9-OVH-EUR-XPAR,/ovh-ovh-group-sas
PAR,PAREF,Immobilier,0,FR0010263202,CAC_SMALL,paref-FR0010263202-PAR-EUR-XPAR,/par-paref
PARRO,Parrot,Technologies,0,FR0004038263,CAC_SMALL,parrot-FR0004038263-PARRO-EUR-XPAR,/parro-parrot
RI,Pernod Ricard,Consommation de base,0,FR0000120693,CAC_40,pernod-ricard-FR0000120693-RI-EUR-XPAR,/ri-pernod-ricard-sa
PERR,Gérard Perrier Industrie,Industrie,1,FR0000061459,CAC_SMALL,gerard-perrier-industrie-FR0000061459-PERR-EUR-XPAR,/perr-perrier-gerard
PEUG,Peugeot Invest,Finance,0,FR0000064784,CAC_SMALL,peugeot-invest-FR0000064784-PEUG-EUR-XPAR,/peug-peugeot-invest
VAC,Pierre & Vacances,Consommation discrétionnaire,0,FR0000073041,CAC_SMALL,pierre-vacances-FR0000073041-VAC-EUR-XPAR,/vac-pierre-vacances
PVL,Plastiques du Val-de-Loire,Consommation discrétionnaire,1,FR0013252186,CAC_SMALL,plastiques-du-val-de-loire-FR0013252186-PVL-EUR-XPAR,/pvl-plast-val-loire
POXEL,Poxel,Santé,1,FR0012432516,CAC_SMALL,poxel-FR0012432516-POXEL-EUR-XPAR,/poxel-poxel-sa
PWG,Prodways Group,Industrie,1,FR0012613610,CAC_SMALL,prodways-group-FR0012613610-PWG-EUR-XPAR,/pwg-prodways
PUB,Publicis Groupe SA,Télécommunications,0,FR0000130577,CAC_40,publicis-groupe-s-a-FR0000130577-PUB-EUR-XPAR,/pub-publicis-groupe-sa
QDT,Quadient S.A.,Technologies,1,FR0000120560,CAC_SMALL,quadient-s-a-FR0000120560-QDT-EUR-XPAR,/qdt-quadient
RCO,Rémy Cointreau,Consommation de base,0,FR0000130395,CAC_NEXT_20,remy-cointreau-FR0000130395-RCO-EUR-XPAR,/rco-remy-cointreau
RNO,Renault,Consommation discrétionnaire,0,FR0000131906,CAC_40,renault-FR0000131906-RNO-EUR-XPAR,/rno-renault
RXL,Rexel,Industrie,0,FR0010451203,CAC_NEXT_20,rexel-FR0010451203-RXL-EUR-XPAR,/rxl-rexel
RUI,Rubis,Services aux collectivités,0,FR0013269123,CAC_MID_60,rubis-FR0013269123-RUI-EUR-XPAR,/rui-rubis
SK,SEB S.A.,Consommation discrétionnaire,0,FR0000121709,CAC_MID_60,seb-s-a-FR0000121709-SK-EUR-XPAR,/sk-seb
SAF,Safran,Industrie,0,FR0000073272,CAC_40,safran-FR0000073272-SAF-EUR-XPAR,/saf-safran-s-a
SGO,Compagnie de Saint-Gobain,Industrie,0,FR0000125007,CAC_40,compagnie-de-saint-gobain-FR0000125007-SGO-EUR-XPAR,/sgo-saint-gobain
SAN,Sanofi,Santé,0,FR0000120578,CAC_40,sanofi-FR0000120578-SAN-EUR-XPAR,/san-sanofi
DIM,Sartorius Stedim Biotech,Santé,0,FR0013154002,CAC_NEXT_20,sartorius-stedim-biotech-FR0013154002-DIM-EUR-XPAR,/dim-sartorius-sted-bio
SU,Schneider Electric SE,Industrie,0,FR0000121972,CAC_40,schneider-electric-se-FR0000121972-SU-EUR-XPAR,/su-schneider-electric-se
SCR,SCOR SE,Finance,0,FR0010411983,CAC_MID_60,scor-se-FR0010411983-SCR-EUR-XPAR,/scr-scor
SCHP,Séché Environnement SA,Industrie,1,FR0000039109,CAC_SMALL,seche-environnement-sa-FR0000039109-SCHP-EUR-XPAR,/schp-seche-environnem
SEFER,SergeFerrari Group,Industrie,0,FR0011950682,CAC_SMALL,sergeferrari-group-FR0011950682-SEFER-EUR-XPAR,/sefer-sergeferrari-group
SRP,SRP Groupe,Consommation discrétionnaire,1,FR0013006558,CAC_SMALL,srp-groupe-FR0013006558-SRP-EUR-XPAR,/srp-showroomprive
SMCP,SMCP S.A,Consommation discrétionnaire,0,FR0013214145,CAC_SMALL,smcp-s-a-FR0013214145-SMCP-EUR-XPAR,/smcp-smcp
GLE,Société Générale,Finance,0,FR0000130809,CAC_40,societe-generale-FR0000130809-GLE-EUR-XPAR,/gle-societe-generale
SW,Sodexo,Industrie,0,FR0000121220,CAC_NEXT_20,sodexo-FR0000121220-SW-EUR-XPAR,/sw-sodexo
SOI,Soitec,Technologies,0,FR0013227113,CAC_MID_60,soitec-FR0013227113-SOI-EUR-XPAR,/soi-soitec
LOCAL,SoLocal Group,Télécommunications,1,FR00140006O9,CAC_SMALL,solocal-group-FR00140006O9-LOCAL-EUR-XPAR,/local-solocal-group
S30,Solutions 30 SE,Technologies,1,FR0013379484,CAC_MID_60,solutions-30-se-FR0013379484-S30-EUR-XPAR,/s30-solutions-30-se
SOP,Sopra Steria Group,Technologies,0,FR0000050809,CAC_MID_60,sopra-steria-group-FR0000050809-SOP-EUR-XPAR,/sop-sopra-steria-group
SPIE,SPIE SA,Industrie,0,FR0012757854,CAC_MID_60,spie-sa-FR0012757854-SPIE-EUR-XPAR,/spie-spie
SQI,SQLI,Technologies,1,FR0011289040,CAC_SMALL,sqli-FR0011289040-SQI-EUR-XPAR,/sqi-sqli
SWP,Sword Group SE,Technologies,1,FR0004180578,CAC_SMALL,sword-group-se-FR0004180578-SWP-EUR-XPAR,/swp-sword-group
TEP,Teleperformance SE,Industrie,0,FR0000051807,CAC_NEXT_20,teleperformance-se-FR0000051807-TEP-EUR-XPAR,/tep-teleperformance-se
TFI,TF1,Télécommunications,0,FR0000054900,CAC_MID_60,tf1-FR0000054900-TFI-EUR-XPAR,/tfi-tf1
HO,Thales,Industrie,0,FR0000121329,CAC_NEXT_20,thales-FR0000121329-HO-EUR-XPAR,/ho-thales-sa
TTE,TotalEnergies SE,Energie,0,FR0000120271,CAC_40,totalenergies-se-FR0000120271-TTE-EUR-XPAR,/fp-total
TOUP,TOUAX SCA,Industrie,1,FR0000033003,CAC_SMALL,touax-sca-FR0000033003-TOUP-EUR-XPAR,/toup-touax
TNG,Transgene,Santé,0,FR0005175080,CAC_SMALL,transgene-FR0005175080-TNG-EUR-XPAR,/tng-transgene
TRI,Trigano,Consommation discrétionnaire,1,FR0005691656,CAC_MID_60,trigano-FR0005691656-TRI-EUR-XPAR,/tri-trigano
UBI,Ubisoft Entertainment,Télécommunications,0,FR0000054470,CAC_NEXT_20,ubisoft-entertainment-FR0000054470-UBI-EUR-XPAR,/ubi-ubisoft-entertain
URW,UNIBAIL-RODAM.UNIT,Immobilier,0,FR0013326246,CAC_40,unibail-rodam-unit-FR0013326246-URW-EUR-XPAR,/urw-unibail-rodamco-westfield-urw-pa
FR,Valeo,Consommation discrétionnaire,0,FR0013176526,CAC_NEXT_20,valeo-FR0013176526-FR-EUR-XPAR,/fr-valeo
VK,Vallourec,Matériaux,0,FR0013506730,CAC_MID_60,vallourec-FR0013506730-VK-EUR-XPAR,/vk-vallourec-sa
VLA,Valneva SE,Santé,1,FR0004056851,CAC_MID_60,valneva-FR0004056851-VLA-EUR-XPAR,/vla-valneva
VANTI,Vantiva,Télécommunications,0,FR0013505062,CAC_SMALL,vantiva-FR0013505062-VANTI-EUR-XPAR,/vanti-vantiva-s-a
VIE,Veolia Environnement,Services aux collectivités,0,FR0000124141,CAC_40,veolia-environnement-FR0000124141-VIE-EUR-XPAR,/vie-veolia-environnement
VRLA,Verallia,Consommation discrétionnaire,0,FR0013447729,CAC_MID_60,verallia-FR0013447729-VRLA-EUR-XPAR,/vrla-verallia
VMX,Verimatrix,Technologies,1,FR0010291245,CAC_SMALL,verimatrix-FR0010291245-VMX-EUR-XPAR,/vmx-verimatrix
VETO,Vetoquinol SA,Santé,1,FR0004186856,CAC_SMALL,vetoquinol-sa-FR0004186856-VETO-EUR-XPAR,/veto-vetoquinol
VCT,Vicat,Matériaux,0,FR0000031775,CAC_SMALL,vicat-FR0000031775-VCT-EUR-XPAR,/vct-vicat
DG,Vinci,Industrie,0,FR0000125486,CAC_40,vinci-FR0000125486-DG-EUR-XPAR,/dg-vinci
VIRP,Virbac,Santé,1,FR0000031577,CAC_MID_60,virbac-FR0000031577-VIRP-EUR-XPAR,/virp-virbac
VIV,Vivendi SE,Télécommunications,0,FR0000127771,CAC_NEXT_20,vivendi-se-FR0000127771-VIV-EUR-XPAR,/viv-vivendi
VLTSA,Voltalia SA,Services aux collectivités,0,FR0011995588,CAC_MID_60,voltalia-sa-FR0011995588-VLTSA-EUR-XPAR,/vltsa-voltalia
VRAP,Vranken-Pommery Monopole,Consommation de base,1,FR0000062796,CAC_SMALL,vranken-pommery-monopole-FR0000062796-VRAP-EUR-XPAR,/vrap-vranken-pommery
WAVE,Wavestone,Technologies,1,FR0013357621,CAC_SMALL,wavestone-FR0013357621-WAVE-EUR-XPAR,/wave-wavestone
MF,Wendel,Finance,0,FR0000121204,CAC_MID_60,wendel-FR0000121204-MF-EUR-XPAR,/mf-wendel
WLN,Worldline,Technologies,0,FR0011981968,CAC_40,worldline-FR0011981968-WLN-EUR-XPAR,/wln-worldline-sa
XIL,Xilam Animation,Télécommunications,0,FR0004034072,CAC_SMALL,xilam-animation-FR0004034072-XIL-EUR-XPAR,/xil-xilam-animation
AIR,Airbus SE,Industrie,0,NL0000235190,CAC_40,airbus-se-NL0000235190-AIR-EUR-XPAR,/air-airbus-se
MT,ArcelorMittal,None,0,LU1598757687,CAC_40,arcelormittal-LU1598757687-MT-EUR-XAMS,None
STLAP,Stellantis N.V.,Consommation discrétionnaire,0,NL00150001Q9,CAC_40,stellantis-n-v-NL00150001Q9-STLAP-EUR-XPAR,/stla-stellantis
STMPA,STMicroelectronics N.V.,Technologies,0,NL0000226223,CAC_40,stmicroelectronics-n-v-NL0000226223-STMPA-EUR-XPAR,/stm-stmicroelectronics
ENX,EURONEXT,Finance,0,NL0006294274,CAC_NEXT_20,euronext-NL0006294274-ENX-EUR-XPAR,/enx-euronext
SESG,SES S.A.,Télécommunications,0,LU0088087324,CAC_MID_60,ses-s-a-LU0088087324-SESG-EUR-XPAR,/sesg-ses-sa-fdr-class-a
SOLB,Solvay SA,None,0,BE0003470755,CAC_NEXT_20,solvay-sa-BE0003470755-SOLB-EUR-XBRU,None
APAM,Aperam S.A.,None,0,LU0569974404,CAC_MID_60,aperam-s-a-LU0569974404-APAM-EUR-XAMS,None
TE,Technip Energies N.V.,Energie,0,NL0014559478,CAC_MID_60,technip-energies-n-v-NL0014559478-TE-EUR-XPAR,/te-technip-energies
GNRO,GeNeuro SA,Santé,0,CH0308403085,CAC_SMALL,geneuro-sa-CH0308403085-GNRO-EUR-XPAR,/gnro-geneuro
XFAB,X-FAB Silicon Foundries SE,Technologies,0,BE0974310428,CAC_SMALL,x-fab-silicon-foundries-se-BE0974310428-XFAB-EUR-XPAR,/xfab-x-fab
